[
    {
        "Lp.": 2,
        "name": "BON APPETIT Spółdzielnia Socjalna",
        "miasto": "09-400 Płock",
        "street": "Jachowicza 38",
        "krs": "0000728863",
        "phone": "",
        "op": "",
        "status": "spółdzielnia socjalna (o których mowa w art. 3 ust. 3 pkt 3 udpp)",
        "dzial": "",
        "numer": ""
    },
    {
        "Lp.": 3,
        "name": "0000993191",
        "miasto": "09-400 Płock",
        "street": "Maszewska",
        "krs": "",
        "phone": "",
        "op": "",
        "status": "-",
        "dzial": "",
        "numer": ""
    },
    {
        "Lp.": 4,
        "name": "Adrenaline Rush Sp. z o.o.",
        "miasto": "09-400 Płock",
        "street": "Staromiejska",
        "krs": "0000751232",
        "phone": "",
        "op": "",
        "status": "spółka akcyjna i spółka z o.o. oraz klub sportowy będący spółką non profit",
        "dzial": "",
        "numer": ""
    },
    {
        "Lp.": 5,
        "name": "AKADEMIA INICJATYW MŁODZIEŻOWYCH",
        "miasto": "09-500 GOSTYNIN",
        "street": "JAROSŁAWA IWASZKIEWICZA 15",
        "krs": "0000153188",
        "phone": "",
        "op": "",
        "status": "stowarzyszenie",
        "dzial": "",
        "numer": ""
    },
    {
        "Lp.": 6,
        "name": "Akademickie Stowarzyszenie Ambitni w Działaniu",
        "miasto": "09-400 Płock",
        "street": "Bielska",
        "krs": "0000456462",
        "phone": "",
        "op": "",
        "status": "stowarzyszenie",
        "dzial": "",
        "numer": ""
    },
    {
        "Lp.": 7,
        "name": "Arte Fundacja Kultury i Edukacji",
        "miasto": "04-063 Warszawa",
        "street": "Białowieska 5a/10",
        "krs": "000410110",
        "phone": "",
        "op": "",
        "status": "fundacja",
        "dzial": "",
        "numer": ""
    },
    {
        "Lp.": 8,
        "name": "AUXILIUM - FUNDACJA EDUKACJI SPOŁECZNEJ",
        "miasto": "02-758 Warszawa",
        "street": "Mangalia 4",
        "krs": "0000329802",
        "phone": "",
        "op": "",
        "status": "stowarzyszenie",
        "dzial": "",
        "numer": ""
    },
    {
        "Lp.": 9,
        "name": "Bajki dla dzieci",
        "miasto": "09-400 Płock",
        "street": "Marsjańska 22",
        "krs": 774329956,
        "phone": "",
        "op": "",
        "status": "stowarzyszenie",
        "dzial": "",
        "numer": ""
    },
    {
        "Lp.": 10,
        "name": "Beach Handball Team Petra Płock",
        "miasto": "09-410 Płock",
        "street": "ul. Łączniczek 10/5",
        "krs": "33/2013",
        "phone": "",
        "op": "",
        "status": "stowarzyszenie",
        "dzial": "",
        "numer": ""
    },
    {
        "Lp.": 12,
        "name": "bhtw",
        "miasto": "09-400 Płock",
        "street": "Stary Rynek 45",
        "krs": "",
        "phone": "",
        "op": "",
        "status": "stowarzyszenie",
        "dzial": "",
        "numer": ""
    },
    {
        "Lp.": 13,
        "name": "Caritas Diecezji Płockiej",
        "miasto": "09-400 Płock",
        "street": "ul. Sienkiewicza 34",
        "krs": "Zaświadczenie MSWiA nr DWRMNIE-WRPIFK-6533-16/2020",
        "phone": "",
        "op": "",
        "status": "kościelna osoba prawna",
        "dzial": "",
        "numer": ""
    },
    {
        "Lp.": 14,
        "name": "Centrum Innowacji Społeczeństwa Informacyjnego",
        "miasto": "09-402 Płock",
        "street": "Pedagogiczna 7",
        "krs": "0000220959",
        "phone": "",
        "op": "",
        "status": "stowarzyszenie",
        "dzial": "",
        "numer": ""
    },
    {
        "Lp.": 15,
        "name": "Centrum Promocji Zdrowia i Profilaktyki Uzależnień PROFIL MAŁGORZATA WYSZYŃSKA",
        "miasto": "09-400 Maszewo",
        "street": "Haliny Konopackiej",
        "krs": "nie dotyczy",
        "phone": "",
        "op": "",
        "status": "inna",
        "dzial": "",
        "numer": ""
    },
    {
        "Lp.": 16,
        "name": "Centrum Psychologiczno-Pastoralne METANOIA",
        "miasto": "09-400 Płock",
        "street": "ul. Kobylińskiego",
        "krs": "0000343876",
        "phone": "",
        "op": "",
        "status": "kościelna osoba prawna",
        "dzial": "",
        "numer": ""
    },
    {
        "Lp.": 17,
        "name": "CENTRUM SPORTÓW WALKI",
        "miasto": "09-400 Płock",
        "street": "NARODOWYCH SIŁ ZBROJNYCH 6",
        "krs": "8/2004",
        "phone": "",
        "op": "",
        "status": "stowarzyszenie",
        "dzial": "",
        "numer": ""
    },
    {
        "Lp.": 18,
        "name": "Chorągiew Mazowiecka ZHP",
        "miasto": "09-402 Płock",
        "street": "Krótka",
        "krs": "0000291419",
        "phone": "",
        "op": "",
        "status": "stowarzyszenie",
        "dzial": "",
        "numer": ""
    },
    {
        "Lp.": 19,
        "name": "Chorągiew Mazowiecka Związku Harcerstwa Polskiego",
        "miasto": "09-402 Płock",
        "street": "Krótka",
        "krs": "0000291419",
        "phone": "",
        "op": "",
        "status": "stowarzyszenie",
        "dzial": "",
        "numer": ""
    },
    {
        "Lp.": 20,
        "name": "Dawka Treningu - Smoła Team",
        "miasto": "09-400 Płock",
        "street": "Narodowych Sił Zbrojnych",
        "krs": 44,
        "phone": "",
        "op": "",
        "status": "stowarzyszenie zwykłe",
        "dzial": "",
        "numer": ""
    },
    {
        "Lp.": 21,
        "name": "Diecezja Płocka",
        "miasto": "09-402 Płock",
        "street": "Tumska 3",
        "krs": "nie dotyczy",
        "phone": "",
        "op": "",
        "status": "kościelna osoba prawna",
        "dzial": "",
        "numer": ""
    },
    {
        "Lp.": 22,
        "name": "Fabryka Szczypiornistów",
        "miasto": "09-410 Płock",
        "street": "ul. Baczyńskiego 2/21",
        "krs": 26,
        "phone": "",
        "op": "",
        "status": "stowarzyszenie",
        "dzial": "",
        "numer": ""
    },
    {
        "Lp.": 23,
        "name": "Fundacja Fundusz Lokalny Ziemi Płockiej - Młodzi Razem",
        "miasto": "09-533 Grzybów",
        "street": "Grzybów",
        "krs": "0000216768",
        "phone": "",
        "op": "",
        "status": "fundacja",
        "dzial": "",
        "numer": ""
    },
    {
        "Lp.": 24,
        "name": "Fundacja MADE IN PŁOCK",
        "miasto": "09-400 PŁOCK",
        "street": "Synagogalna 4/17",
        "krs": "0000564119",
        "phone": "",
        "op": "",
        "status": "stowarzyszenie",
        "dzial": "",
        "numer": ""
    },
    {
        "Lp.": 25,
        "name": "Fundacja NEMEZIS",
        "miasto": "09-410 Płock",
        "street": "Poziomkowa",
        "krs": "0000701120",
        "phone": "",
        "op": "",
        "status": "fundacja",
        "dzial": "",
        "numer": ""
    },
    {
        "Lp.": 26,
        "name": "FUNDACJA Portal Fm - Pomagamy Dzieciom",
        "miasto": "09-400 PŁOCK",
        "street": "DOJAZD 13",
        "krs": "0000429891",
        "phone": "",
        "op": "",
        "status": "fundacja",
        "dzial": "",
        "numer": ""
    },
    {
        "Lp.": 27,
        "name": "FUNDACJA RAMIĘ W RAMIĘ",
        "miasto": "09-400 PŁOCK",
        "street": "OBROŃCÓW WESTERPLATTE",
        "krs": "0000942183",
        "phone": "",
        "op": "",
        "status": "fundacja",
        "dzial": "",
        "numer": ""
    },
    {
        "Lp.": 28,
        "name": "Fundacja Vivat Polonia!",
        "miasto": "09-407 Płock",
        "street": "Gierzyńskiego 21/16",
        "krs": "0000550136",
        "phone": "",
        "op": "",
        "status": "fundacja",
        "dzial": "",
        "numer": ""
    },
    {
        "Lp.": 29,
        "name": "Fundacja Wychowanie bez porażek",
        "miasto": "70-385 Szczecin",
        "street": "Adama Mickiewicza",
        "krs": "0000261181",
        "phone": "",
        "op": "",
        "status": "fundacja",
        "dzial": "",
        "numer": ""
    },
    {
        "Lp.": 30,
        "name": "Fundacja Abrakadabra",
        "miasto": "09-400 Płock",
        "street": "Pana Kleksa 1",
        "krs": "",
        "phone": "",
        "op": "",
        "status": "stowarzyszenie",
        "dzial": "",
        "numer": ""
    },
    {
        "Lp.": 31,
        "name": "Fundacja Agencji Służby Społecznej",
        "miasto": "01-501 Warszawa",
        "street": "Popiełuszki 8 lok 42",
        "krs": "0000272510",
        "phone": "",
        "op": "",
        "status": "fundacja",
        "dzial": "",
        "numer": ""
    },
    {
        "Lp.": 32,
        "name": "Fundacja Akademia Integracji Praca Edukacja Sport",
        "miasto": "00-732 Warszawa",
        "street": "Czerska 8/10",
        "krs": "0000480133",
        "phone": "",
        "op": "",
        "status": "fundacja",
        "dzial": "",
        "numer": ""
    },
    {
        "Lp.": 33,
        "name": "Fundacja Autonomia",
        "miasto": "05-088 Plecewice",
        "street": 98,
        "krs": "0000324840",
        "phone": "",
        "op": "",
        "status": "stowarzyszenie",
        "dzial": "",
        "numer": ""
    },
    {
        "Lp.": 34,
        "name": "FUNDACJA FAMILYLAB POLSKA",
        "miasto": "00-514 WARSZAWA",
        "street": "MARSZAŁKOWSKA 84/92 m. 33",
        "krs": "0000537185",
        "phone": "",
        "op": "",
        "status": "fundacja",
        "dzial": "",
        "numer": ""
    },
    {
        "Lp.": 35,
        "name": "Fundacja Fotografia Polska",
        "miasto": "09-402 Płock",
        "street": "Kolegialna",
        "krs": "0000757924",
        "phone": "",
        "op": "",
        "status": "fundacja",
        "dzial": "",
        "numer": ""
    },
    {
        "Lp.": 36,
        "name": "Fundacja Fucco",
        "miasto": "64-125 Poniec",
        "street": "Drożdżyńskiego",
        "krs": "0000641916",
        "phone": "",
        "op": "",
        "status": "fundacja",
        "dzial": "",
        "numer": ""
    },
    {
        "Lp.": 37,
        "name": "Fundacja Fundusz Projektowy",
        "miasto": "09-402 Płock",
        "street": "Padlewskiego 3/58",
        "krs": "",
        "phone": "",
        "op": "",
        "status": "stowarzyszenie",
        "dzial": "",
        "numer": ""
    },
    {
        "Lp.": 38,
        "name": "Fundacja Garda",
        "miasto": "33-300 Nowy Sącz",
        "street": "Konstanty",
        "krs": "0000643090",
        "phone": "",
        "op": "",
        "status": "fundacja",
        "dzial": "",
        "numer": ""
    },
    {
        "Lp.": 39,
        "name": "Fundacja Guliwer",
        "miasto": "09-400 Płock",
        "street": "Rutskich 2 m 15",
        "krs": "0000863840",
        "phone": "",
        "op": "",
        "status": "stowarzyszenie",
        "dzial": "",
        "numer": ""
    },
    {
        "Lp.": 40,
        "name": "Fundacja Historia i Kultura",
        "miasto": "02-103 Warszawa",
        "street": "Hankiewicza 2",
        "krs": "0000200140",
        "phone": "",
        "op": "",
        "status": "fundacja",
        "dzial": "",
        "numer": ""
    },
    {
        "Lp.": 41,
        "name": "Fundacja Honeste Vivere",
        "miasto": "04-474 Warszawa",
        "street": "Amałowicza-Tatara",
        "krs": "0000337010",
        "phone": "",
        "op": "",
        "status": "fundacja",
        "dzial": "",
        "numer": ""
    },
    {
        "Lp.": 42,
        "name": "Fundacja Inter Vivos",
        "miasto": "02-699 Warszawa",
        "street": "Kłobucka 8C /126",
        "krs": "0000742253",
        "phone": "",
        "op": "",
        "status": "fundacja",
        "dzial": "",
        "numer": ""
    },
    {
        "Lp.": 43,
        "name": "FUNDACJA INŻYNIEROWIE PRZYSZŁOŚCI",
        "miasto": "09-410 PŁOCK",
        "street": "SZARYCH SZEREGÓW",
        "krs": "0001030877",
        "phone": "",
        "op": "",
        "status": "fundacja",
        "dzial": "",
        "numer": ""
    },
    {
        "Lp.": 44,
        "name": "Fundacja Konkursu Historycznego Patria Nostra",
        "miasto": "05-220 Zielonka",
        "street": "Wojska Polskiego 10",
        "krs": "0000697399",
        "phone": "",
        "op": "",
        "status": "fundacja",
        "dzial": "",
        "numer": ""
    },
    {
        "Lp.": 45,
        "name": "Fundacja Kraina Marzeń",
        "miasto": "09-470 Bodzanów",
        "street": "Stanowo 1",
        "krs": "0000749786",
        "phone": "",
        "op": "",
        "status": "fundacja",
        "dzial": "",
        "numer": ""
    },
    {
        "Lp.": 46,
        "name": "FUNDACJA MARTY CHOJNOWSKIEJ PRZERWIJ CISZĘ",
        "miasto": "09-402 PŁOCK",
        "street": "SIENKIEWICZA 3 M 22",
        "krs": "0000282692",
        "phone": "",
        "op": "",
        "status": "fundacja",
        "dzial": "",
        "numer": ""
    },
    {
        "Lp.": 47,
        "name": "FUNDACJA MEAKULTURA",
        "miasto": "44-100 Gliwice",
        "street": "Zwycięstwa 1",
        "krs": "0000431356",
        "phone": "",
        "op": "",
        "status": "fundacja",
        "dzial": "",
        "numer": ""
    },
    {
        "Lp.": 48,
        "name": "Fundacja MECENAT",
        "miasto": "09-400 Płock",
        "street": "Maszewska",
        "krs": "0000993191",
        "phone": "",
        "op": "",
        "status": "fundacja",
        "dzial": "",
        "numer": ""
    },
    {
        "Lp.": 49,
        "name": "Fundacja Miasto-Państwo",
        "miasto": "09-400 Płock",
        "street": "3go Maja",
        "krs": "0000772593",
        "phone": "",
        "op": "",
        "status": "fundacja",
        "dzial": "",
        "numer": ""
    },
    {
        "Lp.": 50,
        "name": "Fundacja Modern Sport",
        "miasto": "09-410 Płock",
        "street": "Gościniec",
        "krs": "0000612305",
        "phone": "",
        "op": "",
        "status": "fundacja",
        "dzial": "",
        "numer": ""
    },
    {
        "Lp.": 51,
        "name": "Fundacja Music Art",
        "miasto": "44-100 Gliwice",
        "street": "Jagiellońska",
        "krs": "0000672609",
        "phone": "",
        "op": "",
        "status": "fundacja",
        "dzial": "",
        "numer": ""
    },
    {
        "Lp.": 52,
        "name": "Fundacja na Rzecz Bezpieczeństwa FENIKS",
        "miasto": "09-402 Płock",
        "street": "Padlewskiego 17c lok. 3",
        "krs": "0000417068",
        "phone": "",
        "op": "",
        "status": "fundacja",
        "dzial": "",
        "numer": ""
    },
    {
        "Lp.": 53,
        "name": "FUNDACJA NA RZECZ ROZWOJU SPOŁECZNEGO MOGĘ WIĘCEJ",
        "miasto": "09-402 Płock",
        "street": "ul. STANISŁAWA ZGLICZYŃSKIEGO",
        "krs": "0000818315",
        "phone": "",
        "op": "",
        "status": "stowarzyszenie",
        "dzial": "",
        "numer": ""
    },
    {
        "Lp.": 54,
        "name": "Fundacja na rzecz Rozwoju Turystyki Ziemi Płockiej",
        "miasto": "09-400 Płock",
        "street": "Stary Rynek 8",
        "krs": "0000564097",
        "phone": "",
        "op": "",
        "status": "fundacja",
        "dzial": "",
        "numer": ""
    },
    {
        "Lp.": 55,
        "name": "Fundacja NA TEMAT - Pracownia Profilaktyki i Terapii Uzależnień",
        "miasto": "09-402 Płock",
        "street": "3-go Maja",
        "krs": "0000780595",
        "phone": "",
        "op": "",
        "status": "fundacja",
        "dzial": "",
        "numer": ""
    },
    {
        "Lp.": 56,
        "name": "Fundacja Niny Nowak Dla Rzeczypospolitej",
        "miasto": "00-131 Warszawa",
        "street": "Grzybowska 4 m. 181",
        "krs": "0000736817",
        "phone": "",
        "op": "",
        "status": "fundacja",
        "dzial": "",
        "numer": ""
    },
    {
        "Lp.": 57,
        "name": "Fundacja Nobiscum",
        "miasto": "09-402 Płock",
        "street": "Krótka",
        "krs": "0000739501",
        "phone": "",
        "op": "",
        "status": "fundacja",
        "dzial": "",
        "numer": ""
    },
    {
        "Lp.": 58,
        "name": "Fundacja Obywatelska Czas Jaszczurów",
        "miasto": "60-651 Poznań",
        "street": "Maczka 5/8",
        "krs": "0000528604",
        "phone": "",
        "op": "",
        "status": "fundacja",
        "dzial": "",
        "numer": ""
    },
    {
        "Lp.": 59,
        "name": "Fundacja Odzyskaj Środowisko",
        "miasto": "26-065 Micigózd",
        "street": "Częstochowska",
        "krs": "0000384339",
        "phone": "",
        "op": "",
        "status": "fundacja",
        "dzial": "",
        "numer": ""
    },
    {
        "Lp.": 60,
        "name": "Fundacja Ośrodka KARTA",
        "miasto": "02-643 Warszawa",
        "street": "ul. Narbutta 29",
        "krs": "0000119146",
        "phone": "",
        "op": "",
        "status": "fundacja",
        "dzial": "",
        "numer": ""
    },
    {
        "Lp.": 61,
        "name": "Fundacja Polish-American Development Council",
        "miasto": "64-920 Piła",
        "street": "Kadetów 3D/83",
        "krs": "0000573147",
        "phone": "",
        "op": "",
        "status": "stowarzyszenie",
        "dzial": "",
        "numer": ""
    },
    {
        "Lp.": 62,
        "name": "Fundacja Pomocy Zwierzętom Pomagamy Płockim Zwierzakom",
        "miasto": "09-400 Płock",
        "street": "Bartnicza",
        "krs": "0000685487",
        "phone": "",
        "op": "",
        "status": "fundacja",
        "dzial": "",
        "numer": ""
    },
    {
        "Lp.": 64,
        "name": "Fundacja Potrzebującym",
        "miasto": "09-402 Płock",
        "street": "Dworcowa",
        "krs": "0000599828",
        "phone": "",
        "op": "",
        "status": "fundacja",
        "dzial": "",
        "numer": ""
    },
    {
        "Lp.": 65,
        "name": "Fundacja Progressio",
        "miasto": "09-402 Płock",
        "street": "Krótka 8/26",
        "krs": "0000867909",
        "phone": "",
        "op": "",
        "status": "fundacja",
        "dzial": "",
        "numer": ""
    },
    {
        "Lp.": 66,
        "name": "Fundacja Projekt PoMoc",
        "miasto": "09-400 Płock",
        "street": "Juliana Nowowiejskiego 9",
        "krs": "0000738584",
        "phone": "",
        "op": "",
        "status": "stowarzyszenie",
        "dzial": "",
        "numer": ""
    },
    {
        "Lp.": 67,
        "name": "Fundacja Promocji Rekreacji KIM",
        "miasto": "05-092 Łomianki",
        "street": "Partyzantów 21",
        "krs": "0000258346",
        "phone": "",
        "op": "",
        "status": "fundacja",
        "dzial": "",
        "numer": ""
    },
    {
        "Lp.": 68,
        "name": "Fundacja Przystanek Rodzina",
        "miasto": "09-402 Płock",
        "street": "Misjonarska",
        "krs": "0000644080",
        "phone": "",
        "op": "",
        "status": "fundacja",
        "dzial": "",
        "numer": ""
    },
    {
        "Lp.": 69,
        "name": "Fundacja Przywołać pamięć im. Janiny Bogdan",
        "miasto": "09-402 Płock",
        "street": "Kolegialna 12",
        "krs": "0000873458",
        "phone": "",
        "op": "",
        "status": "fundacja",
        "dzial": "",
        "numer": ""
    },
    {
        "Lp.": 70,
        "name": "Fundacja Revita",
        "miasto": "09-400 Płock",
        "street": "Stary Rynek",
        "krs": "0000526089",
        "phone": "",
        "op": "",
        "status": "fundacja",
        "dzial": "",
        "numer": ""
    },
    {
        "Lp.": 71,
        "name": "Fundacja Rozwoju Edukacji i Kreacji FREAK",
        "miasto": "09-400 Płock",
        "street": "Topolowa 5/8Luiza",
        "krs": "0000782719",
        "phone": "",
        "op": "",
        "status": "fundacja",
        "dzial": "",
        "numer": ""
    },
    {
        "Lp.": 72,
        "name": "Fundacja Rozwoju Mikrospołeczności PER ASPERA AD ASTRA",
        "miasto": "09-408 Płock",
        "street": "Browarna",
        "krs": "0000644080",
        "phone": "",
        "op": "",
        "status": "stowarzyszenie",
        "dzial": "",
        "numer": ""
    },
    {
        "Lp.": 73,
        "name": "FUNDACJA ROZWOJU ŚWIADOMOŚCI OBYWATELSKIEJ EXPERTO PRO BONO",
        "miasto": "22-400 Zamość",
        "street": "Legionów 10",
        "krs": "",
        "phone": "",
        "op": "",
        "status": "stowarzyszenie",
        "dzial": "",
        "numer": ""
    },
    {
        "Lp.": 74,
        "name": "Fundacja Rozwoju Tadam",
        "miasto": "09-410 Płock",
        "street": "Czwartaków 22",
        "krs": "0000879487",
        "phone": "",
        "op": "",
        "status": "fundacja",
        "dzial": "",
        "numer": ""
    },
    {
        "Lp.": 75,
        "name": "Fundacja Rykowisko",
        "miasto": "09-410 Płock",
        "street": "Jana Pawła II 13/18",
        "krs": "0000601026",
        "phone": "",
        "op": "",
        "status": "fundacja",
        "dzial": "",
        "numer": ""
    },
    {
        "Lp.": 76,
        "name": "Fundacja Societas et Ius",
        "miasto": "87-100 Toruń",
        "street": "Grunwaldzka 5c/10",
        "krs": "0000618622",
        "phone": "",
        "op": "",
        "status": "fundacja",
        "dzial": "",
        "numer": ""
    },
    {
        "Lp.": 77,
        "name": "Fundacja Sztuka i Pasja",
        "miasto": "02-569 Warszawa",
        "street": "Różana",
        "krs": "0000688056",
        "phone": "",
        "op": "",
        "status": "fundacja",
        "dzial": "",
        "numer": ""
    },
    {
        "Lp.": 78,
        "name": "Fundacja Szybciej Wyżej Dalej",
        "miasto": "09-401 Płock",
        "street": "Popłacińska, 37",
        "krs": "0000549351",
        "phone": "",
        "op": "",
        "status": "fundacja",
        "dzial": "",
        "numer": ""
    },
    {
        "Lp.": 79,
        "name": "Fundacja Togatus Pro Bono",
        "miasto": "10-544 Olsztyn",
        "street": "Warmińska 7/1",
        "krs": "",
        "phone": "",
        "op": "",
        "status": "stowarzyszenie",
        "dzial": "",
        "numer": ""
    },
    {
        "Lp.": 81,
        "name": "Fundacja Ultra Pazur",
        "miasto": "09-410 Płock",
        "street": "Czwartaków",
        "krs": "0000871767",
        "phone": "",
        "op": "",
        "status": "fundacja",
        "dzial": "",
        "numer": ""
    },
    {
        "Lp.": 82,
        "name": "Fundacja Violet Kiwi",
        "miasto": "05-520 Konstancin-Jeziorna",
        "street": "Habdzin 29",
        "krs": "0000526112",
        "phone": "",
        "op": "",
        "status": "fundacja",
        "dzial": "",
        "numer": ""
    },
    {
        "Lp.": 83,
        "name": "FUNDACJA ŁADOWARKA",
        "miasto": "87-800 WŁOCŁAWEK",
        "street": "ŻABIA",
        "krs": "0000793256",
        "phone": "",
        "op": "",
        "status": "fundacja",
        "dzial": "",
        "numer": ""
    },
    {
        "Lp.": 84,
        "name": "FundacjaNowyStart.PL",
        "miasto": "09-400 Płock",
        "street": "Miodowa",
        "krs": "0000584992",
        "phone": "",
        "op": "",
        "status": "fundacja",
        "dzial": "",
        "numer": ""
    },
    {
        "Lp.": 85,
        "name": "Fundaja Na Horyzoncie",
        "miasto": "09-400 Płock",
        "street": "Macieszy 3",
        "krs": "0000363509",
        "phone": "",
        "op": "",
        "status": "fundacja",
        "dzial": "",
        "numer": ""
    },
    {
        "Lp.": 86,
        "name": "Fundusz Grantowy dla Płocka",
        "miasto": "09-400 Płock",
        "street": "Kościuszki 8 lok. 3",
        "krs": "0000253076",
        "phone": "",
        "op": "",
        "status": "stowarzyszenie",
        "dzial": "",
        "numer": ""
    },
    {
        "Lp.": 87,
        "name": "IB",
        "miasto": "09-400 Płock",
        "street": "Stary Rynek 5",
        "krs": "",
        "phone": "",
        "op": "",
        "status": "stowarzyszenie",
        "dzial": "",
        "numer": ""
    },
    {
        "Lp.": 88,
        "name": "Instytut Działań Obywatelskich",
        "miasto": "09-402 Płock",
        "street": "ul. Misjonarska 22",
        "krs": "0000314478",
        "phone": "",
        "op": "",
        "status": "stowarzyszenie",
        "dzial": "",
        "numer": ""
    },
    {
        "Lp.": 89,
        "name": "IZBA GOSPODARCZA REGIONU PŁOCKIEGO",
        "miasto": "09-400 PŁOCK",
        "street": "STARY RYNEK 8",
        "krs": "0000180105",
        "phone": "",
        "op": "",
        "status": "stowarzyszenie",
        "dzial": "",
        "numer": ""
    },
    {
        "Lp.": 91,
        "name": "Jest Wyjście-Pomocni Uzależnionym i Ich Rodzinom",
        "miasto": "09-401 PŁOCK",
        "street": "Rybaki",
        "krs": "09",
        "phone": "",
        "op": "",
        "status": "stowarzyszenie zwykłe",
        "dzial": "",
        "numer": ""
    },
    {
        "Lp.": 92,
        "name": "K0MBINAT",
        "miasto": "09-401 Płock",
        "street": "Sienkiewicza 32",
        "krs": "",
        "phone": "",
        "op": "",
        "status": "stowarzyszenie",
        "dzial": "",
        "numer": ""
    },
    {
        "Lp.": 93,
        "name": "Kamil Syprzak for Kids",
        "miasto": "09-407 Płock",
        "street": "Saperska 25/33",
        "krs": "41/2017",
        "phone": "",
        "op": "",
        "status": "stowarzyszenie",
        "dzial": "",
        "numer": ""
    },
    {
        "Lp.": 94,
        "name": "Katolickie Stowarzyszenie Civitas Christiana",
        "miasto": "00-519 Warszawa",
        "street": "Wspólna",
        "krs": "0000028395",
        "phone": "",
        "op": "",
        "status": "stowarzyszenie",
        "dzial": "",
        "numer": ""
    },
    {
        "Lp.": 95,
        "name": "Katolickie Stowarzyszenie Pomocy im. św. Brata Alberta",
        "miasto": "09-402 Płock",
        "street": "Tadeusza Kościuszki",
        "krs": "0000069061",
        "phone": "",
        "op": "",
        "status": "stowarzyszenie",
        "dzial": "",
        "numer": ""
    },
    {
        "Lp.": 96,
        "name": "Klub bokserski Płock",
        "miasto": "09-407 Płock",
        "street": "Saperska",
        "krs": 11,
        "phone": "",
        "op": "",
        "status": "stowarzyszenie",
        "dzial": "",
        "numer": ""
    },
    {
        "Lp.": 97,
        "name": "KLUB INTELIGENCJI KATOLICKIEJ W PŁOCKU",
        "miasto": "09-402 Płock",
        "street": "Tumska 3",
        "krs": "0000312456",
        "phone": "",
        "op": "",
        "status": "stowarzyszenie",
        "dzial": "",
        "numer": ""
    },
    {
        "Lp.": 98,
        "name": "Klub Karate Tradycyjnego",
        "miasto": "09-402 Płock",
        "street": "Chabrowa",
        "krs": "numer 20",
        "phone": "",
        "op": "",
        "status": "stowarzyszenie zwykłe",
        "dzial": "",
        "numer": ""
    },
    {
        "Lp.": 99,
        "name": "Klub Kolarski Panorama Warszawa",
        "miasto": "00-513 Warszawa",
        "street": "Nowogrodzka 7/9 lok. 36",
        "krs": "0000009068",
        "phone": "",
        "op": "",
        "status": "stowarzyszenie",
        "dzial": "",
        "numer": ""
    },
    {
        "Lp.": 100,
        "name": "Klub Piłki Siatkowej Płock",
        "miasto": "09-400 Płock",
        "street": "Zgliczyńskiego",
        "krs": "45/2018",
        "phone": "",
        "op": "",
        "status": "stowarzyszenie",
        "dzial": "",
        "numer": ""
    },
    {
        "Lp.": 101,
        "name": "Klub Pływacki ZOTOW",
        "miasto": "09-400 Płock",
        "street": "M.C. Skłodowskiej",
        "krs": "37/2016",
        "phone": "",
        "op": "",
        "status": "stowarzyszenie",
        "dzial": "",
        "numer": ""
    },
    {
        "Lp.": 102,
        "name": "Klub Rodziców Razem dla Autyzmu",
        "miasto": "09-407 Płock",
        "street": "Jesienna 3/28",
        "krs": "nr 23 w rejestrze stowarzyszeń zwykłych, prowadzonym przez Prezy",
        "phone": "",
        "op": "",
        "status": "stowarzyszenie",
        "dzial": "",
        "numer": ""
    },
    {
        "Lp.": 103,
        "name": "KLUB SPORTOWY AKTYWNI TERAZ",
        "miasto": "09-408 Płock",
        "street": "Żelazna",
        "krs": "56/2021",
        "phone": "",
        "op": "",
        "status": "stowarzyszenie zwykłe",
        "dzial": "",
        "numer": ""
    },
    {
        "Lp.": 104,
        "name": "Klub Sportowy Królewscy Płock",
        "miasto": "09-402 Płock",
        "street": "Krótka 10/19",
        "krs": "29/2012",
        "phone": "",
        "op": "",
        "status": "stowarzyszenie",
        "dzial": "",
        "numer": ""
    },
    {
        "Lp.": 105,
        "name": "Klub Sportowy Mad Hatters Płock",
        "miasto": "09-410 Płock",
        "street": "Szpacza",
        "krs": "44/2017",
        "phone": "",
        "op": "",
        "status": "stowarzyszenie",
        "dzial": "",
        "numer": ""
    },
    {
        "Lp.": 106,
        "name": "Klub Sportowy Masovia",
        "miasto": "09-402 Płock",
        "street": "ul. Wiatraki",
        "krs": "0000126420",
        "phone": "",
        "op": "",
        "status": "stowarzyszenie",
        "dzial": "",
        "numer": ""
    },
    {
        "Lp.": 107,
        "name": "Klub Sportowy Stoczniowiec Płock",
        "miasto": "09-402 Płock",
        "street": "Kolejowa 3",
        "krs": "6/2004",
        "phone": "",
        "op": "",
        "status": "stowarzyszenie",
        "dzial": "",
        "numer": ""
    },
    {
        "Lp.": 108,
        "name": "Klub Szachowy Hetman Płock",
        "miasto": "09-400 Płock",
        "street": "Sienkiewicza 32",
        "krs": "0000729051",
        "phone": "",
        "op": "",
        "status": "stowarzyszenie",
        "dzial": "",
        "numer": ""
    },
    {
        "Lp.": 109,
        "name": "konto przykładowe WWS",
        "miasto": "09-400 Płock",
        "street": "Płock",
        "krs": "0000111222",
        "phone": "",
        "op": "",
        "status": "inna",
        "dzial": "",
        "numer": ""
    },
    {
        "Lp.": 110,
        "name": "konto testowe zdrowie",
        "miasto": "09-402 Płock",
        "street": "Piłsudskiego 6",
        "krs": "xxxxxxxxxxxxx",
        "phone": "",
        "op": "",
        "status": "stowarzyszenie",
        "dzial": "",
        "numer": ""
    },
    {
        "Lp.": 111,
        "name": "Kościół Starokatolicki Mariawitów w RP",
        "miasto": "09-400 Płock",
        "street": "Kazimierza Wielkiego",
        "krs": 11,
        "phone": "",
        "op": "",
        "status": "kościelna osoba prawna",
        "dzial": "",
        "numer": ""
    },
    {
        "Lp.": 112,
        "name": "KP MZOS Płock",
        "miasto": "09-410 Płock",
        "street": "Czwartaków",
        "krs": "14/2005",
        "phone": "",
        "op": "",
        "status": "stowarzyszenie",
        "dzial": "",
        "numer": ""
    },
    {
        "Lp.": 113,
        "name": "kruk",
        "miasto": "09-400 płock",
        "street": "kolegialna 20",
        "krs": "",
        "phone": "",
        "op": "",
        "status": "stowarzyszenie",
        "dzial": "",
        "numer": ""
    },
    {
        "Lp.": 114,
        "name": "Kultura dla Płocka",
        "miasto": "09-400 Płock",
        "street": "Stary Rynek 1",
        "krs": "0000131313",
        "phone": "",
        "op": "",
        "status": "stowarzyszenie",
        "dzial": "",
        "numer": ""
    },
    {
        "Lp.": 115,
        "name": "Laboratorium Aktywności",
        "miasto": "09-402 Płock",
        "street": "Boryszewska 44 / 3",
        "krs": "0000863705",
        "phone": "",
        "op": "",
        "status": "stowarzyszenie",
        "dzial": "",
        "numer": ""
    },
    {
        "Lp.": 116,
        "name": "Liga Obrony Kraju Płock",
        "miasto": "09-402 Płock",
        "street": "Norbertańska",
        "krs": "0000086818",
        "phone": "",
        "op": "",
        "status": "stowarzyszenie",
        "dzial": "",
        "numer": ""
    },
    {
        "Lp.": 117,
        "name": "LUDOWY KLUB SPORTOWY PUNCHER PŁOCK",
        "miasto": "09-407 PŁOCK",
        "street": "SAPERSKA",
        "krs": "17/2006",
        "phone": "",
        "op": "",
        "status": "stowarzyszenie",
        "dzial": "",
        "numer": ""
    },
    {
        "Lp.": 118,
        "name": "Mazowieckie Stowarzyszenie Pracy dla Niepełnosprawnych De Facto",
        "miasto": "09-400 Płock",
        "street": "Małachowskiego",
        "krs": "0000247597",
        "phone": "",
        "op": "",
        "status": "stowarzyszenie",
        "dzial": "",
        "numer": ""
    },
    {
        "Lp.": 119,
        "name": "Międzyszkolny Uczniowski Klub Sportowy 21 Płock",
        "miasto": "09-402 Płock",
        "street": "Fryderyka Chopina",
        "krs": "15/99",
        "phone": "",
        "op": "",
        "status": "stowarzyszenie",
        "dzial": "",
        "numer": ""
    },
    {
        "Lp.": 120,
        "name": "Miejski Młodzieżowy Klub Sportowy Jutrzenka Płock",
        "miasto": "09-400 Płock",
        "street": "Królowej Jadwigi",
        "krs": "15/2005",
        "phone": "",
        "op": "",
        "status": "stowarzyszenie",
        "dzial": "",
        "numer": ""
    },
    {
        "Lp.": 121,
        "name": "Miejski Uczniowski Klub Sportowy Płock",
        "miasto": "09-400 Płock",
        "street": "Sportowa",
        "krs": "43/2002",
        "phone": "",
        "op": "",
        "status": "stowarzyszenie",
        "dzial": "",
        "numer": ""
    },
    {
        "Lp.": 122,
        "name": "Miejsko-Ludowy Klub Lekkoatletyczny Płock",
        "miasto": "09-402 Płock",
        "street": "Sportowa",
        "krs": "21/2007",
        "phone": "",
        "op": "",
        "status": "stowarzyszenie kultury fizycznej",
        "dzial": "",
        "numer": ""
    },
    {
        "Lp.": 123,
        "name": "Miejsko-Ludowy Uczniowski Klub Sportowy Nadwiślanin Płock",
        "miasto": "09-400 Płock",
        "street": "Kostrogaj 17",
        "krs": "31/1999",
        "phone": "",
        "op": "",
        "status": "stowarzyszenie",
        "dzial": "",
        "numer": ""
    },
    {
        "Lp.": 124,
        "name": "Mirosław Łakomski",
        "miasto": "09-407 Płock",
        "street": "Lachmana",
        "krs": "",
        "phone": "",
        "op": "",
        "status": "-",
        "dzial": "",
        "numer": ""
    },
    {
        "Lp.": 125,
        "name": "MMKS Jutrzenka Płock",
        "miasto": "09-400 Płock",
        "street": "Królowej Jadwigi 4",
        "krs": "",
        "phone": "",
        "op": "",
        "status": "stowarzyszenie",
        "dzial": "",
        "numer": ""
    },
    {
        "Lp.": 126,
        "name": "MON-POL Płock",
        "miasto": "09-400 Płock",
        "street": "Wyszogrodzka 102",
        "krs": "24/2008",
        "phone": "",
        "op": "",
        "status": "inna",
        "dzial": "",
        "numer": ""
    },
    {
        "Lp.": 127,
        "name": "NEXTREME POKONAĆ PRZESZKODY",
        "miasto": "09-400 Płock",
        "street": "OBROŃCÓW WESTERPLATTE",
        "krs": "0000399006",
        "phone": "",
        "op": "",
        "status": "fundacja",
        "dzial": "",
        "numer": ""
    },
    {
        "Lp.": 128,
        "name": "Nowa",
        "miasto": "09-400 płock",
        "street": "nowa 3",
        "krs": "",
        "phone": "",
        "op": "",
        "status": "stowarzyszenie",
        "dzial": "",
        "numer": ""
    },
    {
        "Lp.": 129,
        "name": "Ochotnicza Straż Pożarna  w Staroźrebach",
        "miasto": "09-440 Staroźrebach",
        "street": "Szkolna  6a",
        "krs": "0000114178",
        "phone": "",
        "op": "",
        "status": "stowarzyszenie",
        "dzial": "",
        "numer": ""
    },
    {
        "Lp.": 130,
        "name": "OCHOTNICZA STRAŻ POŻARNA W BIAŁOBRZEGACH",
        "miasto": "09-470 Białobrzegi",
        "street": "Klonowa 6",
        "krs": "0000386235",
        "phone": "",
        "op": "",
        "status": "stowarzyszenie",
        "dzial": "",
        "numer": ""
    },
    {
        "Lp.": 131,
        "name": "Ochotnicza Straż Pożarna w Płocku - Podolszycach",
        "miasto": "09-410 Płock",
        "street": "Armii Krajowej 64",
        "krs": "0000170002",
        "phone": "",
        "op": "",
        "status": "stowarzyszenie",
        "dzial": "",
        "numer": ""
    },
    {
        "Lp.": 132,
        "name": "Oddział Żeglarsko Motorowodny PTTK „Morka” Płock",
        "miasto": "09-400 Płock",
        "street": "Rybaki",
        "krs": "0000185893",
        "phone": "",
        "op": "",
        "status": "stowarzyszenie",
        "dzial": "",
        "numer": ""
    },
    {
        "Lp.": 133,
        "name": "Oddział Żeglarsko-Motorowy PTTK Morka",
        "miasto": "09-400 Płock",
        "street": "Rybaki 10",
        "krs": "0000185893",
        "phone": "",
        "op": "",
        "status": "stowarzyszenie",
        "dzial": "",
        "numer": ""
    },
    {
        "Lp.": 134,
        "name": "Ogólnokształcąca Szkoła Muzyczna I stopnia w Płocku",
        "miasto": "09-402 Płock",
        "street": "Kolegialna 23",
        "krs": "",
        "phone": "",
        "op": "",
        "status": "stowarzyszenie",
        "dzial": "",
        "numer": ""
    },
    {
        "Lp.": 135,
        "name": "Okręg Mazowiecki Związku Harcerstwa Rzeczypospolitej",
        "miasto": "02-605 Warszawa",
        "street": "Ursynowska 36/38",
        "krs": "0000115148",
        "phone": "",
        "op": "",
        "status": "stowarzyszenie",
        "dzial": "",
        "numer": ""
    },
    {
        "Lp.": 136,
        "name": "Oratorium im. Św. Dominika Savio",
        "miasto": "09-402 Płock",
        "street": "Al. Jachowicza 4",
        "krs": "0000251852",
        "phone": "",
        "op": "",
        "status": "stowarzyszenie",
        "dzial": "",
        "numer": ""
    },
    {
        "Lp.": 139,
        "name": "Organizacja DEMO Delta Partner",
        "miasto": "43-400 Cieszyn",
        "street": "Zamkowa 3",
        "krs": "",
        "phone": "",
        "op": "",
        "status": "stowarzyszenie",
        "dzial": "",
        "numer": ""
    },
    {
        "Lp.": 140,
        "name": "OTOZ ANIMALS",
        "miasto": "84-207 Bojano",
        "street": "Rzemieślnicza 2",
        "krs": "0000069730",
        "phone": "",
        "op": "",
        "status": "stowarzyszenie",
        "dzial": "",
        "numer": ""
    },
    {
        "Lp.": 141,
        "name": "Parafia Rzymskokatolicka pw. św. Benedykta w Płocku",
        "miasto": "09-401 Płock",
        "street": "ul. Dobrzykowska",
        "krs": "nie dotyczy",
        "phone": "",
        "op": "",
        "status": "kościelna osoba prawna",
        "dzial": "",
        "numer": ""
    },
    {
        "Lp.": 142,
        "name": "Parafia Rzymskokatolicka św. Maksymiliana Kolbego",
        "miasto": "09-402 Płock",
        "street": "Kościuszki",
        "krs": 0,
        "phone": "",
        "op": "",
        "status": "kościelna osoba prawna",
        "dzial": "",
        "numer": ""
    },
    {
        "Lp.": 143,
        "name": "Parafia Rzymskokatolicka Świętego Krzyża",
        "miasto": "09-410 Plock",
        "street": "Kutrzeby",
        "krs": "brak",
        "phone": "",
        "op": "",
        "status": "kościelna osoba prawna",
        "dzial": "",
        "numer": ""
    },
    {
        "Lp.": 144,
        "name": "Parafialno-Uczniowski Klub Sportowy Viktoria Płock",
        "miasto": "09-402 Płock",
        "street": "Górna 1",
        "krs": "39/2002 Urząd Miasta Płocka",
        "phone": "",
        "op": "",
        "status": "stowarzyszenie",
        "dzial": "",
        "numer": ""
    },
    {
        "Lp.": 145,
        "name": "Polska Rada Organizacji Młodzieżowych",
        "miasto": "01-651 Warszawa",
        "street": "Gwiaździsta",
        "krs": "0000444675",
        "phone": "",
        "op": "",
        "status": "inna",
        "dzial": "",
        "numer": ""
    },
    {
        "Lp.": 146,
        "name": "Polski Czerwony Krzyż",
        "miasto": "00-561 Warszawa",
        "street": "Mokotowska",
        "krs": "0000225587",
        "phone": "",
        "op": "",
        "status": "stowarzyszenie",
        "dzial": "",
        "numer": ""
    },
    {
        "Lp.": 147,
        "name": "Polski Komitet Pomocy Społecznej",
        "miasto": "04-490 Warszawa",
        "street": "Wiejska",
        "krs": "0000041349",
        "phone": "",
        "op": "",
        "status": "stowarzyszenie",
        "dzial": "",
        "numer": ""
    },
    {
        "Lp.": 148,
        "name": "Polski Związek Emerytów, Rencistów i Inwalidów Zarząd Główny w Warszawie",
        "miasto": "00-024 Warszawa",
        "street": "Bracka 5 lok.10",
        "krs": "0000109984",
        "phone": "",
        "op": "",
        "status": "stowarzyszenie",
        "dzial": "",
        "numer": ""
    },
    {
        "Lp.": 150,
        "name": "Polski Związek Głuchych Oddział Mazowiecki",
        "miasto": "03-741 Warszawa",
        "street": "Białostocka 4",
        "krs": "0000005726",
        "phone": "",
        "op": "",
        "status": "stowarzyszenie",
        "dzial": "",
        "numer": ""
    },
    {
        "Lp.": 151,
        "name": "Polskie Stowarzyszenie Diabetyków Oddział Powiatowy Płock",
        "miasto": "09-400 Płock",
        "street": "Bartnicza",
        "krs": "0000229006",
        "phone": "",
        "op": "",
        "status": "stowarzyszenie",
        "dzial": "",
        "numer": ""
    },
    {
        "Lp.": 152,
        "name": "POLSKIE STOWARZYSZENIE UNIFIGHT PRZY SWPW W PŁOCKU",
        "miasto": "09-400 Płock",
        "street": "Kilińskiego 12",
        "krs": "krs nr 0000279110",
        "phone": "",
        "op": "",
        "status": "stowarzyszenie",
        "dzial": "",
        "numer": ""
    },
    {
        "Lp.": 153,
        "name": "Polskie Towarzystwo Turystyczno - Krajoznawcze Oddział Miejski Płock",
        "miasto": "09-402 Płock",
        "street": "Tumska",
        "krs": "0000211840",
        "phone": "",
        "op": "",
        "status": "stowarzyszenie",
        "dzial": "",
        "numer": ""
    },
    {
        "Lp.": 154,
        "name": "Proforma spółdzielnia socjalna",
        "miasto": "09-410 Płock",
        "street": "Jana Pawła II 41a 42",
        "krs": "0000699646",
        "phone": "",
        "op": "",
        "status": "stowarzyszenie",
        "dzial": "",
        "numer": ""
    },
    {
        "Lp.": 155,
        "name": "PTTS",
        "miasto": "09-400 Płock",
        "street": "Stary Ry1nek",
        "krs": "",
        "phone": "",
        "op": "",
        "status": "stowarzyszenie",
        "dzial": "",
        "numer": ""
    },
    {
        "Lp.": 156,
        "name": "Płocka Akademia Rękodzieła",
        "miasto": "09-402 Płock",
        "street": "Misjonarka 22",
        "krs": 8,
        "phone": "",
        "op": "",
        "status": "stowarzyszenie",
        "dzial": "",
        "numer": ""
    },
    {
        "Lp.": 157,
        "name": "Płocka Akademia Sportów Walki",
        "miasto": "09-402 Płock",
        "street": "Stanisława Jachowicza",
        "krs": 39,
        "phone": "",
        "op": "",
        "status": "stowarzyszenie zwykłe",
        "dzial": "",
        "numer": ""
    },
    {
        "Lp.": 158,
        "name": "Płocka Lokalna Organizacja Turystyczna",
        "miasto": "09-400 Płock",
        "street": "Stary Rynek 8",
        "krs": "",
        "phone": "",
        "op": "",
        "status": "stowarzyszenie",
        "dzial": "",
        "numer": ""
    },
    {
        "Lp.": 160,
        "name": "Płocki Klub Karate Kyokushinkai",
        "miasto": "09-402 Płock",
        "street": "Północna",
        "krs": "0000113044",
        "phone": "",
        "op": "",
        "status": "stowarzyszenie",
        "dzial": "",
        "numer": ""
    },
    {
        "Lp.": 161,
        "name": "Płocki Klub Kolarski",
        "miasto": "09-410 Płock",
        "street": "Sucharskiego",
        "krs": "36/2015",
        "phone": "",
        "op": "",
        "status": "klub sportowy",
        "dzial": "",
        "numer": ""
    },
    {
        "Lp.": 162,
        "name": "Płocki Klub Miłośników Rozrywek Umysłowych Relaks",
        "miasto": "09-410 Płock",
        "street": "Monte Cassino 4 m 27",
        "krs": "0000242984",
        "phone": "",
        "op": "",
        "status": "stowarzyszenie",
        "dzial": "",
        "numer": ""
    },
    {
        "Lp.": 163,
        "name": "Płocki Okręgowy Związek Piłki Nożnej",
        "miasto": "09-400 Płock",
        "street": "Łukasiewicza 34",
        "krs": "0000155253",
        "phone": "",
        "op": "",
        "status": "stowarzyszenie",
        "dzial": "",
        "numer": ""
    },
    {
        "Lp.": 164,
        "name": "Płocki Ośrodek Sportów i Sztuk Walki",
        "miasto": "09-402 Płock",
        "street": "Wschodnia 14 m. 41",
        "krs": "0000276737",
        "phone": "",
        "op": "",
        "status": "stowarzyszenie",
        "dzial": "",
        "numer": ""
    },
    {
        "Lp.": 165,
        "name": "Płockie Stowarzyszenie Amazonki",
        "miasto": "09-400 Płock",
        "street": "Medyczna 19",
        "krs": "0000110158",
        "phone": "",
        "op": "",
        "status": "stowarzyszenie",
        "dzial": "",
        "numer": ""
    },
    {
        "Lp.": 166,
        "name": "PŁOCKIE STOWARZYSZENIE KLUB ABSTYNENTÓW W PŁOCKU",
        "miasto": "09-402 Płock",
        "street": "3 MAJA",
        "krs": "0000114953",
        "phone": "",
        "op": "",
        "status": "stowarzyszenie",
        "dzial": "",
        "numer": ""
    },
    {
        "Lp.": 167,
        "name": "Płockie Stowarzyszenie Piłki Siatkowej Siatkarz Płock",
        "miasto": "09-410 Płock",
        "street": "Ossowskiego",
        "krs": "Nr.ewidencji 39/2016",
        "phone": "",
        "op": "",
        "status": "stowarzyszenie",
        "dzial": "",
        "numer": ""
    },
    {
        "Lp.": 168,
        "name": "Płockie Stowarzyszenie Pomocy Osobom z Chorobą Alzheimera",
        "miasto": "09-400 Płock",
        "street": "Płoskiego",
        "krs": "0000184713",
        "phone": "",
        "op": "",
        "status": "stowarzyszenie",
        "dzial": "",
        "numer": ""
    },
    {
        "Lp.": 169,
        "name": "Płockie Stowarzyszenie Przyjaciół Książki i Bibliotek",
        "miasto": "09-400 Płock",
        "street": "Kościuszki 6",
        "krs": "0000011521",
        "phone": "",
        "op": "",
        "status": "stowarzyszenie",
        "dzial": "",
        "numer": ""
    },
    {
        "Lp.": 171,
        "name": "Płockie Stowarzyszenie Pływackie SWIM-Płock",
        "miasto": "09-402 Płock",
        "street": "Kolegialna",
        "krs": "-28/2010",
        "phone": "",
        "op": "",
        "status": "stowarzyszenie",
        "dzial": "",
        "numer": ""
    },
    {
        "Lp.": 172,
        "name": "Płockie Stowarzyszenie Twórców Kultury",
        "miasto": "09-400 Płock",
        "street": "Bolesława Krzywoustego",
        "krs": "0000033567",
        "phone": "",
        "op": "",
        "status": "stowarzyszenie",
        "dzial": "",
        "numer": ""
    },
    {
        "Lp.": 173,
        "name": "Płockie Towarzystwo Krzewienia Kultury Fizycznej",
        "miasto": "09-402 PŁOCK",
        "street": "Stanisława Jachowicza",
        "krs": "31/2012",
        "phone": "",
        "op": "",
        "status": "stowarzyszenie",
        "dzial": "",
        "numer": ""
    },
    {
        "Lp.": 174,
        "name": "Płockie Towarzystwo Muzyczne im.Wacława Lachmana",
        "miasto": "09-402 Plock",
        "street": "Kolegialna 23",
        "krs": "0000180669",
        "phone": "",
        "op": "",
        "status": "stowarzyszenie",
        "dzial": "",
        "numer": ""
    },
    {
        "Lp.": 175,
        "name": "Płockie Towarzystwo Pomocy Zwierzętom Arka",
        "miasto": "09-408 PŁOCK",
        "street": "Odległa 13a",
        "krs": "0000702130",
        "phone": "",
        "op": "",
        "status": "stowarzyszenie",
        "dzial": "",
        "numer": ""
    },
    {
        "Lp.": 176,
        "name": "Płockie Towarzystwo Triathlonu DELTA",
        "miasto": "09-410 Płock",
        "street": "Jana Pawła II",
        "krs": "19/2006",
        "phone": "",
        "op": "",
        "status": "stowarzyszenie",
        "dzial": "",
        "numer": ""
    },
    {
        "Lp.": 177,
        "name": "Płockie Towarzystwo Wioślarskie",
        "miasto": "09-402 Płock",
        "street": "Juliusza Kawieckiego 1",
        "krs": "0000275868",
        "phone": "",
        "op": "",
        "status": "stowarzyszenie",
        "dzial": "",
        "numer": ""
    },
    {
        "Lp.": 178,
        "name": "Regionalne Centrum Edukacji Ekologicznej w Płocku",
        "miasto": "09-402 Płock",
        "street": "1 Maja 7b",
        "krs": "0000143281",
        "phone": "",
        "op": "",
        "status": "stowarzyszenie",
        "dzial": "",
        "numer": ""
    },
    {
        "Lp.": 179,
        "name": "Regionalne Stowarzyszenie Wschód Zachód w Płocku",
        "miasto": "09-402 Płock",
        "street": "ul. Dworcowa 2",
        "krs": "0000211879",
        "phone": "",
        "op": "",
        "status": "stowarzyszenie",
        "dzial": "",
        "numer": ""
    },
    {
        "Lp.": 180,
        "name": "Rejonowe Płockie Wodne Ochotnicze Pogotowie Ratunkowe",
        "miasto": "09-402 Płock",
        "street": "ul., Wyszogrodzka,",
        "krs": "0000212656",
        "phone": "",
        "op": "",
        "status": "stowarzyszenie",
        "dzial": "",
        "numer": ""
    },
    {
        "Lp.": 181,
        "name": "Rzymskokatolicka Parafia p.w. Ducha Świętego w Płocku",
        "miasto": "09-400 Płock",
        "street": "Asnyka",
        "krs": "585/95",
        "phone": "",
        "op": "",
        "status": "kościelna jednostka organizacyjna",
        "dzial": "",
        "numer": ""
    },
    {
        "Lp.": 182,
        "name": "RZYMSKOKATOLICKA PARAFIA P.W. ŚW.STANISŁAWA KOSTKI W PŁOCKU",
        "miasto": "09-402 PŁOCK",
        "street": "JACHOWICZA",
        "krs": "Bez numeru",
        "phone": "",
        "op": "",
        "status": "kościelna osoba prawna",
        "dzial": "",
        "numer": ""
    },
    {
        "Lp.": 183,
        "name": "Rzymskokatolicka Parafia św. Bartłomieja",
        "miasto": "09-400 Płock",
        "street": "Kazimierza Wielkiego 1",
        "krs": "nie dotyczy",
        "phone": "",
        "op": "",
        "status": "kościelna osoba prawna",
        "dzial": "",
        "numer": ""
    },
    {
        "Lp.": 184,
        "name": "Sekcja Piłki Ręcznej Wisła Płock S.A.",
        "miasto": "09-400 Płock",
        "street": "Plac Celebry Papieskiej 1",
        "krs": "0000359753",
        "phone": "",
        "op": "",
        "status": "inna",
        "dzial": "",
        "numer": ""
    },
    {
        "Lp.": 185,
        "name": "Społeczny Komitet ds.AIDS",
        "miasto": "00-020 Warszawa",
        "street": "Chmielna 4/11",
        "krs": "0000047332",
        "phone": "",
        "op": "",
        "status": "stowarzyszenie",
        "dzial": "",
        "numer": ""
    },
    {
        "Lp.": 186,
        "name": "Stoczniowiec 1949",
        "miasto": "09-402 Płock",
        "street": "Kolejowa 3",
        "krs": "0000868951",
        "phone": "",
        "op": "",
        "status": "stowarzyszenie",
        "dzial": "",
        "numer": ""
    },
    {
        "Lp.": 187,
        "name": "Stowarzyszenie  Akceptacja  Dla  Autyzmu  Płock",
        "miasto": "09-411 Biała",
        "street": "ul. Jana Skrzetuskiego 24",
        "krs": "Regon: 380180832",
        "phone": "",
        "op": "",
        "status": "stowarzyszenie",
        "dzial": "",
        "numer": ""
    },
    {
        "Lp.": 188,
        "name": "Stowarzyszenie  KOMPROMIS",
        "miasto": "09-407 Płock",
        "street": "Saperska 13 m 30",
        "krs": "0000764769",
        "phone": "",
        "op": "",
        "status": "stowarzyszenie",
        "dzial": "",
        "numer": ""
    },
    {
        "Lp.": 189,
        "name": "Stowarzyszenie Dla Młodych",
        "miasto": "09-400 Płock",
        "street": "Królowej Jadwigi, 4",
        "krs": "0000492332",
        "phone": "",
        "op": "",
        "status": "stowarzyszenie",
        "dzial": "",
        "numer": ""
    },
    {
        "Lp.": 190,
        "name": "Stowarzyszenie Droga do Szczęścia",
        "miasto": "09-407 Płock",
        "street": "Gierzyńskiego 27 lok 10",
        "krs": "0000862962",
        "phone": "",
        "op": "",
        "status": "stowarzyszenie",
        "dzial": "",
        "numer": ""
    },
    {
        "Lp.": 191,
        "name": "Stowarzyszenie Gubimy centymetry i kilogramy",
        "miasto": "09-402 Płock",
        "street": "Żródlana",
        "krs": "0000343543",
        "phone": "",
        "op": "",
        "status": "stowarzyszenie",
        "dzial": "",
        "numer": ""
    },
    {
        "Lp.": 193,
        "name": "Stowarzyszenie Kompas",
        "miasto": "09-410 Płock",
        "street": "Hubalczyków",
        "krs": "0000968562",
        "phone": "",
        "op": "",
        "status": "stowarzyszenie",
        "dzial": "",
        "numer": ""
    },
    {
        "Lp.": 194,
        "name": "Stowarzyszenie - Towarzystwo Naukowe Płockie",
        "miasto": "09-402 Płock",
        "street": "pl. Narutowicza 8",
        "krs": "0000136357",
        "phone": "",
        "op": "",
        "status": "stowarzyszenie",
        "dzial": "",
        "numer": ""
    },
    {
        "Lp.": 195,
        "name": "Stowarzyszenie Ad Maiora",
        "miasto": "09-400 Płock",
        "street": "Nowowiejskiego 2A",
        "krs": "0000760587",
        "phone": "",
        "op": "",
        "status": "stowarzyszenie",
        "dzial": "",
        "numer": ""
    },
    {
        "Lp.": 196,
        "name": "STOWARZYSZENIE AEROKLUB ZIEMI MAZOWIECKIEJ",
        "miasto": "09-400 PŁOCK",
        "street": "BIELSKA 60",
        "krs": "0000143219",
        "phone": "",
        "op": "",
        "status": "stowarzyszenie",
        "dzial": "",
        "numer": ""
    },
    {
        "Lp.": 197,
        "name": "Stowarzyszenie Akademia Karate Tradycyjnego Płock",
        "miasto": "09-408 Płock",
        "street": "Korczaka 33",
        "krs": "0000445313",
        "phone": "",
        "op": "",
        "status": "stowarzyszenie",
        "dzial": "",
        "numer": ""
    },
    {
        "Lp.": 198,
        "name": "Stowarzyszenie Akademia Szachowa Płock",
        "miasto": "09-400 Płock",
        "street": "H. Sienkiewicza 32",
        "krs": "0000624247",
        "phone": "",
        "op": "",
        "status": "stowarzyszenie",
        "dzial": "",
        "numer": ""
    },
    {
        "Lp.": 199,
        "name": "Stowarzyszenie Bibliotekarzy Polskich",
        "miasto": "00-335 Warszawa",
        "street": "Al. Niepodległości",
        "krs": "0000081477",
        "phone": "",
        "op": "",
        "status": "stowarzyszenie",
        "dzial": "",
        "numer": ""
    },
    {
        "Lp.": 200,
        "name": "Stowarzyszenie Człowiek Kultura",
        "miasto": "09-402 Płock",
        "street": "Siewna 8",
        "krs": "0000651867",
        "phone": "",
        "op": "",
        "status": "stowarzyszenie",
        "dzial": "",
        "numer": ""
    },
    {
        "Lp.": 201,
        "name": "Stowarzyszenie DELTA Test eNGO",
        "miasto": "43-400 Cieszyn",
        "street": "Zamkowa 3",
        "krs": 123456789,
        "phone": "",
        "op": "",
        "status": "stowarzyszenie",
        "dzial": "",
        "numer": ""
    },
    {
        "Lp.": 202,
        "name": "Stowarzyszenie Eco Active",
        "miasto": "09-410 Płock",
        "street": "Czwartaków 20 m.16",
        "krs": "50/2019",
        "phone": "",
        "op": "",
        "status": "stowarzyszenie",
        "dzial": "",
        "numer": ""
    },
    {
        "Lp.": 203,
        "name": "Stowarzyszenie Edukacji Kulturalno - Artystycznej i Nauki",
        "miasto": "09-400 Płock",
        "street": "Tumska 9A",
        "krs": "0000302624",
        "phone": "",
        "op": "",
        "status": "stowarzyszenie",
        "dzial": "",
        "numer": ""
    },
    {
        "Lp.": 204,
        "name": "STOWARZYSZENIE EDUKACYJNO-KULTURALNE „NDM”",
        "miasto": "05-100 Nowy Dwór Mazowiecki",
        "street": "S. Sempołowskiej 15/13",
        "krs": 25,
        "phone": "",
        "op": "",
        "status": "stowarzyszenie",
        "dzial": "",
        "numer": ""
    },
    {
        "Lp.": 205,
        "name": "Stowarzyszenie Ekspresja",
        "miasto": "09-400 Płock",
        "street": "Jaśminowa",
        "krs": 49,
        "phone": "",
        "op": "",
        "status": "stowarzyszenie zwykłe",
        "dzial": "",
        "numer": ""
    },
    {
        "Lp.": 206,
        "name": "Stowarzyszenie EX LEGE",
        "miasto": "74-300 Myślibórz",
        "street": "ul. Gorzowska",
        "krs": "0000942556",
        "phone": "",
        "op": "",
        "status": "stowarzyszenie",
        "dzial": "",
        "numer": ""
    },
    {
        "Lp.": 207,
        "name": "Stowarzyszenie Go Ahead",
        "miasto": "09-410 Płock",
        "street": "al. Jana Pawła II",
        "krs": "0000902565",
        "phone": "",
        "op": "",
        "status": "stowarzyszenie",
        "dzial": "",
        "numer": ""
    },
    {
        "Lp.": 208,
        "name": "STOWARZYSZENIE GRAMY RAZEM",
        "miasto": "09-200 SIERPC",
        "street": "JANA PAWŁA II",
        "krs": "0000834836",
        "phone": "",
        "op": "",
        "status": "stowarzyszenie",
        "dzial": "",
        "numer": ""
    },
    {
        "Lp.": 209,
        "name": "Stowarzyszenie Historyczne im. 11 Grupy Operacyjnej NSZ",
        "miasto": "09-400 Płock",
        "street": "Władysława Hermana  1/34",
        "krs": "0000482372",
        "phone": "",
        "op": "",
        "status": "stowarzyszenie",
        "dzial": "",
        "numer": ""
    },
    {
        "Lp.": 210,
        "name": "Stowarzyszenie Honorowych Dawców Krwi Legion",
        "miasto": "09-410 Płock",
        "street": "Czwartaków",
        "krs": "0000742909",
        "phone": "",
        "op": "",
        "status": "stowarzyszenie",
        "dzial": "",
        "numer": ""
    },
    {
        "Lp.": 211,
        "name": "Stowarzyszenie Hospicyjno - Paliatywne Hospicjum Płockie pod wez. św. Urszuli Ledóchowskiej",
        "miasto": "09-407 Płock",
        "street": "Piłsudskiego 37",
        "krs": "0000025247",
        "phone": "",
        "op": "",
        "status": "stowarzyszenie",
        "dzial": "",
        "numer": ""
    },
    {
        "Lp.": 212,
        "name": "Stowarzyszenie Inicjatyw Edukacyjnych Delta",
        "miasto": "09-410 Płock",
        "street": "Gałczyńskiego",
        "krs": "0000235734",
        "phone": "",
        "op": "",
        "status": "stowarzyszenie",
        "dzial": "",
        "numer": ""
    },
    {
        "Lp.": 213,
        "name": "Stowarzyszenie Instytut Doskonalenia Osobowości",
        "miasto": "09-407 Płock",
        "street": "Gintera 3/20",
        "krs": "0000708113",
        "phone": "",
        "op": "",
        "status": "stowarzyszenie",
        "dzial": "",
        "numer": ""
    },
    {
        "Lp.": 214,
        "name": "STOWARZYSZENIE INTEGRACYJNY KLUB TENISA W PŁOCKU",
        "miasto": "09-402 PŁOCK",
        "street": "SPORTOWA",
        "krs": "0000303201",
        "phone": "",
        "op": "",
        "status": "stowarzyszenie",
        "dzial": "",
        "numer": ""
    },
    {
        "Lp.": 215,
        "name": "STOWARZYSZENIE KLUB OLIMPIJCZYKA W PŁOCKU",
        "miasto": "09-402 PŁOCK",
        "street": "KILIŃSKIEGO 4",
        "krs": "0000122445",
        "phone": "",
        "op": "",
        "status": "stowarzyszenie",
        "dzial": "",
        "numer": ""
    },
    {
        "Lp.": 216,
        "name": "Stowarzyszenie Klub Sportowy Focus",
        "miasto": "09-402 Płock",
        "street": "Powstańców Styczniowych 19/2",
        "krs": 100,
        "phone": "",
        "op": "",
        "status": "stowarzyszenie",
        "dzial": "",
        "numer": ""
    },
    {
        "Lp.": 217,
        "name": "Stowarzyszenie Klub Spotowy Grot Mikołajewo",
        "miasto": "09-440 Mikołajewo",
        "street": "Mikołajewo 29",
        "krs": 81,
        "phone": "",
        "op": "",
        "status": "stowarzyszenie",
        "dzial": "",
        "numer": ""
    },
    {
        "Lp.": 218,
        "name": "Stowarzyszenie Kombinat Collective",
        "miasto": "09-402 Płock",
        "street": "Sienkiewicza 32",
        "krs": "0000755065",
        "phone": "",
        "op": "",
        "status": "stowarzyszenie",
        "dzial": "",
        "numer": ""
    },
    {
        "Lp.": 219,
        "name": "STOWARZYSZENIE KULTURA NA WZGÓRZU",
        "miasto": "09-407 Płock",
        "street": "Powstańców Styczniowych",
        "krs": "0000969546",
        "phone": "",
        "op": "",
        "status": "stowarzyszenie",
        "dzial": "",
        "numer": ""
    },
    {
        "Lp.": 220,
        "name": "Stowarzyszenie Kulturka",
        "miasto": "09-410 Płock",
        "street": "Kutrzeby 15/41",
        "krs": "0000772619",
        "phone": "",
        "op": "",
        "status": "stowarzyszenie",
        "dzial": "",
        "numer": ""
    },
    {
        "Lp.": 221,
        "name": "Stowarzyszenie Kultury Fizycznej i Sportu SPARTA PŁOCK",
        "miasto": "09-408 Płock",
        "street": "Flisacka",
        "krs": "46/2018",
        "phone": "",
        "op": "",
        "status": "stowarzyszenie",
        "dzial": "",
        "numer": ""
    },
    {
        "Lp.": 222,
        "name": "Stowarzyszenie Kultury Fizycznej Wisła Płock",
        "miasto": "09-402 Płock",
        "street": "Plac Generała Jarosława Dąbrowskiego",
        "krs": "0000228296",
        "phone": "",
        "op": "",
        "status": "stowarzyszenie",
        "dzial": "",
        "numer": ""
    },
    {
        "Lp.": 223,
        "name": "STOWARZYSZENIE LOKALNE SALEZJAŃSKIEJ ORGANIZACJI SPORTOWEJ",
        "miasto": "09-402 Płock",
        "street": "Al. Jachowicza 4",
        "krs": "0000280097",
        "phone": "",
        "op": "",
        "status": "stowarzyszenie",
        "dzial": "",
        "numer": ""
    },
    {
        "Lp.": 224,
        "name": "Stowarzyszenie Mazowsze Razem",
        "miasto": "09-470 Bodzanów",
        "street": "Łętowo 3",
        "krs": "",
        "phone": "",
        "op": "",
        "status": "stowarzyszenie",
        "dzial": "",
        "numer": ""
    },
    {
        "Lp.": 225,
        "name": "Stowarzyszenie Mężczyźni Przeciw Przemocy",
        "miasto": "03-566 Warszawa",
        "street": "Dalanowska",
        "krs": "0000589227",
        "phone": "",
        "op": "",
        "status": "stowarzyszenie",
        "dzial": "",
        "numer": ""
    },
    {
        "Lp.": 226,
        "name": "Stowarzyszenie Miłosierdzie i Miłość",
        "miasto": "09-400 Płock",
        "street": "Kazimierza Wielkiego",
        "krs": "0000863301",
        "phone": "",
        "op": "",
        "status": "stowarzyszenie",
        "dzial": "",
        "numer": ""
    },
    {
        "Lp.": 227,
        "name": "Stowarzyszenie Miłośników Sztuki Barokowej Dramma per Musica",
        "miasto": "04-180 Warszawa",
        "street": "Perkuna",
        "krs": "0000419075",
        "phone": "",
        "op": "",
        "status": "stowarzyszenie",
        "dzial": "",
        "numer": ""
    },
    {
        "Lp.": 228,
        "name": "Stowarzyszenie Mniejszości Romskiej w Płocku Romani Bluma",
        "miasto": "09-400 Płock",
        "street": "Obrońców Westerplatte",
        "krs": "0000755460",
        "phone": "",
        "op": "",
        "status": "stowarzyszenie",
        "dzial": "",
        "numer": ""
    },
    {
        "Lp.": 229,
        "name": "Stowarzyszenie MONAR",
        "miasto": "09-402 Płock",
        "street": "Kilińskiego",
        "krs": "0000139796",
        "phone": "",
        "op": "",
        "status": "stowarzyszenie",
        "dzial": "",
        "numer": ""
    },
    {
        "Lp.": 230,
        "name": "Stowarzyszenie Moto Piast Płock",
        "miasto": "09-407 Płock",
        "street": "Graniczna 9 / 1, 09-407",
        "krs": "0000780646",
        "phone": "",
        "op": "",
        "status": "stowarzyszenie",
        "dzial": "",
        "numer": ""
    },
    {
        "Lp.": 231,
        "name": "Stowarzyszenie na rzecz Małżeństwa i Rodziny NIE MA LEKKO",
        "miasto": "09-402 Płock",
        "street": "Kalinowa 91/3",
        "krs": "0000738375",
        "phone": "",
        "op": "",
        "status": "stowarzyszenie",
        "dzial": "",
        "numer": ""
    },
    {
        "Lp.": 233,
        "name": "Stowarzyszenie na rzecz osób niepełnosprawnych oraz zagrożonych wykluczeniem społecznym Odczarujmy Inny Świat",
        "miasto": "09-400 Płock",
        "street": "Tysiąclecia",
        "krs": 27,
        "phone": "",
        "op": "",
        "status": "stowarzyszenie",
        "dzial": "",
        "numer": ""
    },
    {
        "Lp.": 234,
        "name": "Stowarzyszenie na Rzecz Osób z Autyzmem Odzyskać Więzi",
        "miasto": "09-402 Płock",
        "street": "3 maja",
        "krs": "0000215754",
        "phone": "",
        "op": "",
        "status": "stowarzyszenie",
        "dzial": "",
        "numer": ""
    },
    {
        "Lp.": 235,
        "name": "Stowarzyszenie na Rzecz Przeciwdziałania Zjawiskom Patologii Społecznej MIĘDZY LUDŹMI",
        "miasto": "00-792 Warszawa",
        "street": "Olszewska 7/9/11",
        "krs": "0000224133",
        "phone": "",
        "op": "",
        "status": "stowarzyszenie",
        "dzial": "",
        "numer": ""
    },
    {
        "Lp.": 236,
        "name": "Stowarzyszenie Na Rzecz Rozwoju Tańca Impresja",
        "miasto": "09-402 Płock",
        "street": "Kilińskiego 12",
        "krs": "0000228277",
        "phone": "",
        "op": "",
        "status": "stowarzyszenie",
        "dzial": "",
        "numer": ""
    },
    {
        "Lp.": 237,
        "name": "Stowarzyszenie Na Rzecz Wspierania Aktywności Seniorów AS",
        "miasto": "09-500 Mława",
        "street": "Bolesława Chrobrego 7",
        "krs": 363291111,
        "phone": "",
        "op": "",
        "status": "stowarzyszenie",
        "dzial": "",
        "numer": ""
    },
    {
        "Lp.": 239,
        "name": "Stowarzyszenie Nasza Fara",
        "miasto": "09-400 Płock",
        "street": "Kazimierza Wielkiego 1",
        "krs": "",
        "phone": "",
        "op": "",
        "status": "stowarzyszenie",
        "dzial": "",
        "numer": ""
    },
    {
        "Lp.": 241,
        "name": "Stowarzyszenie Nowoczesna i Innowacyjna Edukacja",
        "miasto": "09-402 Płock",
        "street": "Jachowicza",
        "krs": "0000502364",
        "phone": "",
        "op": "",
        "status": "stowarzyszenie",
        "dzial": "",
        "numer": ""
    },
    {
        "Lp.": 242,
        "name": "Stowarzyszenie Ostoja",
        "miasto": "09-402 Płock",
        "street": "Bielska",
        "krs": "0000768179",
        "phone": "",
        "op": "",
        "status": "stowarzyszenie",
        "dzial": "",
        "numer": ""
    },
    {
        "Lp.": 243,
        "name": "Stowarzyszenie OSTOJA w Płocku",
        "miasto": "09-402 Płock",
        "street": "dobrzyńska 2a",
        "krs": "",
        "phone": "",
        "op": "",
        "status": "stowarzyszenie",
        "dzial": "",
        "numer": ""
    },
    {
        "Lp.": 244,
        "name": "Stowarzyszenie Palma Arts",
        "miasto": "09-410 Płock",
        "street": "Andrzeja Drętkiewicza",
        "krs": "0000870587",
        "phone": "",
        "op": "",
        "status": "stowarzyszenie",
        "dzial": "",
        "numer": ""
    },
    {
        "Lp.": 245,
        "name": "Stowarzyszenie Petroklezja",
        "miasto": "09-402 Płock",
        "street": "Jachowicza 4",
        "krs": "0000299354",
        "phone": "",
        "op": "",
        "status": "stowarzyszenie",
        "dzial": "",
        "numer": ""
    },
    {
        "Lp.": 251,
        "name": "Stowarzyszenie Pomocna Dłoń przy Specjalnym Ośrodku Szkolno - Wychowawczym NR 2 w Płocku",
        "miasto": "09-402 Płock",
        "street": "Ks. Lasockiego 14",
        "krs": "0000223510",
        "phone": "",
        "op": "",
        "status": "stowarzyszenie",
        "dzial": "",
        "numer": ""
    },
    {
        "Lp.": 252,
        "name": "Stowarzyszenie Pomocy Dzieciom i Młodzieży Kai Kairos",
        "miasto": "09-400 Płock",
        "street": "Rajmunda Rembielińskiego 6a",
        "krs": "0000117533",
        "phone": "",
        "op": "",
        "status": "stowarzyszenie",
        "dzial": "",
        "numer": ""
    },
    {
        "Lp.": 253,
        "name": "Stowarzyszenie Pomocy Osobom z Niepełnosprawnością Umysłową JESTEM",
        "miasto": "09-402 Płock",
        "street": "3-go Maja 16",
        "krs": "0000184746",
        "phone": "",
        "op": "",
        "status": "stowarzyszenie",
        "dzial": "",
        "numer": ""
    },
    {
        "Lp.": 254,
        "name": "Stowarzyszenie Pomocy Rodzinom TYGIEL",
        "miasto": "09-408 Płock",
        "street": "Bałtycka",
        "krs": "0000369501",
        "phone": "",
        "op": "",
        "status": "stowarzyszenie",
        "dzial": "",
        "numer": ""
    },
    {
        "Lp.": 255,
        "name": "Stowarzyszenie Przyjaciół Archiwum Państwowego w Płocku",
        "miasto": "09-400 Płock",
        "street": "pl. Narutowicza 2",
        "krs": "0000234857",
        "phone": "",
        "op": "",
        "status": "stowarzyszenie",
        "dzial": "",
        "numer": ""
    },
    {
        "Lp.": 256,
        "name": "Stowarzyszenie Przyjaciół Chóru Vox Singers",
        "miasto": "09-400 Płock",
        "street": "Tysiąclecia",
        "krs": "0000445465",
        "phone": "",
        "op": "",
        "status": "stowarzyszenie",
        "dzial": "",
        "numer": ""
    },
    {
        "Lp.": 257,
        "name": "Stowarzyszenie Przyjaciół Harcerskiego Zespołu Pieśni i Tańca Dzieci Płocka",
        "miasto": "09-402 Płock",
        "street": "Jachowicza",
        "krs": "0000119061",
        "phone": "",
        "op": "",
        "status": "stowarzyszenie",
        "dzial": "",
        "numer": ""
    },
    {
        "Lp.": 258,
        "name": "STOWARZYSZENIE PRZYJACIÓŁ SIEDEMDZIESIĄTKI",
        "miasto": "09-402 PŁOCK",
        "street": "AL.KILIŃSKIEGO 4",
        "krs": "0000611315",
        "phone": "",
        "op": "",
        "status": "stowarzyszenie",
        "dzial": "",
        "numer": ""
    },
    {
        "Lp.": 259,
        "name": "Stowarzyszenie Przyjaciół Zespołu Pieśni i Tańca „Wisła” w Płocku",
        "miasto": "09-400 Płock",
        "street": "Tumska 9",
        "krs": "0000047322",
        "phone": "",
        "op": "",
        "status": "stowarzyszenie",
        "dzial": "",
        "numer": ""
    },
    {
        "Lp.": 260,
        "name": "Stowarzyszenie Płock",
        "miasto": "09-400 Płock",
        "street": "Stary Rynek",
        "krs": "",
        "phone": "",
        "op": "",
        "status": "stowarzyszenie",
        "dzial": "",
        "numer": ""
    },
    {
        "Lp.": 261,
        "name": "Stowarzyszenie Płock Biega No Age Limit",
        "miasto": "09-410 Płock",
        "street": "Szarych Szeregów 4/47",
        "krs": "35/2014",
        "phone": "",
        "op": "",
        "status": "stowarzyszenie",
        "dzial": "",
        "numer": ""
    },
    {
        "Lp.": 262,
        "name": "Stowarzyszenie Płock Przyjazny Psom",
        "miasto": "09-402 Płock",
        "street": "Mickiewicza 23/166",
        "krs": "0000700726",
        "phone": "",
        "op": "",
        "status": "stowarzyszenie",
        "dzial": "",
        "numer": ""
    },
    {
        "Lp.": 264,
        "name": "Stowarzyszenie Płocki Klub Wesołego Biegacza",
        "miasto": "09-402 Płock",
        "street": "Mickiewicza 23/166",
        "krs": "0000684613",
        "phone": "",
        "op": "",
        "status": "stowarzyszenie",
        "dzial": "",
        "numer": ""
    },
    {
        "Lp.": 265,
        "name": "Stowarzyszenie Rodziców, Nauczycieli i Przyjaciół Szkoły Podstawowej nr 12 w Płocku pod nazwą Szkoła Pod Brzozami",
        "miasto": "09-402 Płock",
        "street": "Brzozowa 3",
        "krs": "0000355598",
        "phone": "",
        "op": "",
        "status": "stowarzyszenie",
        "dzial": "",
        "numer": ""
    },
    {
        "Lp.": 266,
        "name": "Stowarzyszenie Rodzin Abstynenckich ,,NADZIEJA W NAS",
        "miasto": "09-400 Płock",
        "street": "Królewiecka",
        "krs": "0000190513",
        "phone": "",
        "op": "",
        "status": "stowarzyszenie",
        "dzial": "",
        "numer": ""
    },
    {
        "Lp.": 267,
        "name": "Stowarzyszenie Rodzin Katolickich Diecezji Płockiej",
        "miasto": "09-402 Płock",
        "street": "Tumska 3",
        "krs": "0000155124",
        "phone": "",
        "op": "",
        "status": "stowarzyszenie",
        "dzial": "",
        "numer": ""
    },
    {
        "Lp.": 268,
        "name": "Stowarzyszenie Rodzin Zastępczych i Adopcyjnych Otwarte Serca",
        "miasto": "09-410 Płock",
        "street": "Hubalczyków 3 m 19",
        "krs": 18,
        "phone": "",
        "op": "",
        "status": "stowarzyszenie",
        "dzial": "",
        "numer": ""
    },
    {
        "Lp.": 269,
        "name": "STOWARZYSZENIE ROZWOJU KULTURY FIZYCZNEJ SPORTOWY PŁOCK",
        "miasto": "09-400 PŁOCK",
        "street": "Rutskich 3/67",
        "krs": 6,
        "phone": "",
        "op": "",
        "status": "stowarzyszenie",
        "dzial": "",
        "numer": ""
    },
    {
        "Lp.": 270,
        "name": "Stowarzyszenie Santi",
        "miasto": "09-402 Płock",
        "street": "ul. Kolegialna 26c m. 19",
        "krs": "",
        "phone": "",
        "op": "",
        "status": "stowarzyszenie",
        "dzial": "",
        "numer": ""
    },
    {
        "Lp.": 271,
        "name": "Stowarzyszenie Sportowe FUTBOLGANG",
        "miasto": "09-402 Płock",
        "street": "Kochanowskiego",
        "krs": "51/2019",
        "phone": "",
        "op": "",
        "status": "stowarzyszenie",
        "dzial": "",
        "numer": ""
    },
    {
        "Lp.": 272,
        "name": "Stowarzyszenie Sportowe Mustangs Płock",
        "miasto": "09-400 Płock",
        "street": "Kwiatka",
        "krs": "23/2007",
        "phone": "",
        "op": "",
        "status": "stowarzyszenie kultury fizycznej",
        "dzial": "",
        "numer": ""
    },
    {
        "Lp.": 273,
        "name": "Stowarzyszenie Sportu Młodzieżowego Wisła Płock",
        "miasto": "09-400 Płock",
        "street": "Łukasiewicza 34",
        "krs": "0000414672",
        "phone": "",
        "op": "",
        "status": "stowarzyszenie",
        "dzial": "",
        "numer": ""
    },
    {
        "Lp.": 274,
        "name": "Stowarzyszenie Społeczności i Przyjaciół SOSW Nr1 w Płocku Moc jest w nas",
        "miasto": "09-402 Płock",
        "street": "Harc. A. Gradowskiego 24",
        "krs": "0000804359",
        "phone": "",
        "op": "",
        "status": "stowarzyszenie",
        "dzial": "",
        "numer": ""
    },
    {
        "Lp.": 275,
        "name": "Stowarzyszenie Sympatyków Klubu Wisła Płock",
        "miasto": "09-400 Płock",
        "street": "Łukasiewicza",
        "krs": "0000215462",
        "phone": "",
        "op": "",
        "status": "stowarzyszenie",
        "dzial": "",
        "numer": ""
    },
    {
        "Lp.": 276,
        "name": "Stowarzyszenie Słoneczni",
        "miasto": "09-402 Płock",
        "street": "Słoneczna 65",
        "krs": "0000774315",
        "phone": "",
        "op": "",
        "status": "stowarzyszenie",
        "dzial": "",
        "numer": ""
    },
    {
        "Lp.": 278,
        "name": "Stowarzyszenie tak niewiele",
        "miasto": "09-400 Płock",
        "street": "Jaśminowa 4/130",
        "krs": 39,
        "phone": "",
        "op": "",
        "status": "stowarzyszenie",
        "dzial": "",
        "numer": ""
    },
    {
        "Lp.": 279,
        "name": "Stowarzyszenie Tatusiowie",
        "miasto": "09-410 Płock",
        "street": "Al. Jana Pawła 31 m5",
        "krs": "0000734810",
        "phone": "",
        "op": "",
        "status": "stowarzyszenie",
        "dzial": "",
        "numer": ""
    },
    {
        "Lp.": 280,
        "name": "Stowarzyszenie Teatr Per Se",
        "miasto": "09-402 Płock",
        "street": "Boczna",
        "krs": "0000271735",
        "phone": "",
        "op": "",
        "status": "stowarzyszenie",
        "dzial": "",
        "numer": ""
    },
    {
        "Lp.": 281,
        "name": "STOWARZYSZENIE TECHNOMANIA CREW",
        "miasto": "09-402 Płock",
        "street": "Strzelecka",
        "krs": "0000959633",
        "phone": "",
        "op": "",
        "status": "stowarzyszenie",
        "dzial": "",
        "numer": ""
    },
    {
        "Lp.": 282,
        "name": "Stowarzyszenie Tenisowy Płock",
        "miasto": "09-410 Płock",
        "street": "Al. Jana Pawła II",
        "krs": "0000999471",
        "phone": "",
        "op": "",
        "status": "stowarzyszenie",
        "dzial": "",
        "numer": ""
    },
    {
        "Lp.": 283,
        "name": "Stowarzyszenie Uniwersytetu Trzeciego Wieku im. Janiny Czaplickiej",
        "miasto": "09-402 Płock",
        "street": "Pl. Dąbrowskiego 2",
        "krs": "",
        "phone": "",
        "op": "",
        "status": "-",
        "dzial": "",
        "numer": ""
    },
    {
        "Lp.": 286,
        "name": "Stowarzyszenie Vikings Run",
        "miasto": "97-213 Smardzewice",
        "street": "Zacisze 26",
        "krs": 384606819,
        "phone": "",
        "op": "",
        "status": "stowarzyszenie",
        "dzial": "",
        "numer": ""
    },
    {
        "Lp.": 287,
        "name": "Stowarzyszenie w Poszukiwaniu Folklorystów",
        "miasto": "09-407 Płock",
        "street": "Piaska 1 m 8",
        "krs": "",
        "phone": "",
        "op": "",
        "status": "-",
        "dzial": "",
        "numer": ""
    },
    {
        "Lp.": 288,
        "name": "Stowarzyszenie Wędka",
        "miasto": "09-410 Płock",
        "street": "Boryszewska 44B/35",
        "krs": "0000646720",
        "phone": "",
        "op": "",
        "status": "stowarzyszenie",
        "dzial": "",
        "numer": ""
    },
    {
        "Lp.": 289,
        "name": "Stowarzyszenie Wspierania Aktywności Lokalnej Juventa Mazowsze",
        "miasto": "09-400 Płock",
        "street": "Bielska 57a",
        "krs": "000032728",
        "phone": "",
        "op": "",
        "status": "stowarzyszenie",
        "dzial": "",
        "numer": ""
    },
    {
        "Lp.": 290,
        "name": "Stowarzyszenie ZielonoMi",
        "miasto": "09-411 Ulaszewo",
        "street": "brak",
        "krs": 86,
        "phone": "",
        "op": "",
        "status": "stowarzyszenie zwykłe",
        "dzial": "",
        "numer": ""
    },
    {
        "Lp.": 291,
        "name": "Stowarzyszenie Zorganizowana Grupa Basketu",
        "miasto": "09-400 Płock",
        "street": "Lawendowa",
        "krs": "0000522969",
        "phone": "",
        "op": "",
        "status": "stowarzyszenie",
        "dzial": "",
        "numer": ""
    },
    {
        "Lp.": 292,
        "name": "STOWARZYSZNIE PETROKLEZJA",
        "miasto": "09-402 PŁOCK",
        "street": "Jachowicza 4",
        "krs": "0000299354",
        "phone": "",
        "op": "",
        "status": "stowarzyszenie",
        "dzial": "",
        "numer": ""
    },
    {
        "Lp.": 293,
        "name": "Szkoła Podstawowa Specjalna nr 24",
        "miasto": "09-400 Płock",
        "street": "ul.Słoneczna 65",
        "krs": "",
        "phone": "",
        "op": "",
        "status": "stowarzyszenie",
        "dzial": "",
        "numer": ""
    },
    {
        "Lp.": 295,
        "name": "Szwadron Honorowy 3 Pułku Szwoleżerów Mazowieckich im. płk. J. Kozietulskiego",
        "miasto": "05-850 Umiastów",
        "street": "72 C",
        "krs": "0000374898",
        "phone": "",
        "op": "",
        "status": "stowarzyszenie",
        "dzial": "",
        "numer": ""
    },
    {
        "Lp.": 296,
        "name": "TEEN CHALLENGE Chrześcijańska Misja Społeczna",
        "miasto": "77-203 DRETYŃ",
        "street": "BROCZYNA 11",
        "krs": "0000152376",
        "phone": "",
        "op": "",
        "status": "stowarzyszenie",
        "dzial": "",
        "numer": ""
    },
    {
        "Lp.": 297,
        "name": "Test Stowarzyszenie",
        "miasto": "09-408 Płock",
        "street": "Flisacka 4",
        "krs": "0000491642",
        "phone": "",
        "op": "",
        "status": "stowarzyszenie",
        "dzial": "",
        "numer": ""
    },
    {
        "Lp.": 298,
        "name": "Testowa",
        "miasto": "09-400 Płock",
        "street": "3go Maja",
        "krs": "",
        "phone": "",
        "op": "",
        "status": "stowarzyszenie",
        "dzial": "",
        "numer": ""
    },
    {
        "Lp.": 299,
        "name": "The Adventure starts Here Foundation",
        "miasto": "00-410 Warszawa",
        "street": "Solec",
        "krs": "0000832453",
        "phone": "",
        "op": "",
        "status": "fundacja",
        "dzial": "",
        "numer": ""
    },
    {
        "Lp.": 300,
        "name": "TOGATUS PRO BONO",
        "miasto": "10-544 Olsztyn",
        "street": "Warmińska 7/1",
        "krs": "",
        "phone": "",
        "op": "",
        "status": "stowarzyszenie",
        "dzial": "",
        "numer": ""
    },
    {
        "Lp.": 301,
        "name": "Towarzystwa Opieki nad Zwierzętami w Polsce",
        "miasto": "00-666 Warszawa",
        "street": "Noakowskiego 4",
        "krs": "0000154454",
        "phone": "",
        "op": "",
        "status": "stowarzyszenie",
        "dzial": "",
        "numer": ""
    },
    {
        "Lp.": 302,
        "name": "Towarzystwo Motocykli Dawnych Weteran Płock",
        "miasto": "09-410 Płock",
        "street": "ul. Generała Maczka 1",
        "krs": "0000388759",
        "phone": "",
        "op": "",
        "status": "stowarzyszenie",
        "dzial": "",
        "numer": ""
    },
    {
        "Lp.": 303,
        "name": "Towarzystwo Przyjaciół Dzieci Oddział Miejsko-Powiatowy w Płocku",
        "miasto": "09-400 Płock",
        "street": "Prezydenta Ignacego Mościckiego 6",
        "krs": "0000568706",
        "phone": "",
        "op": "",
        "status": "stowarzyszenie",
        "dzial": "",
        "numer": ""
    },
    {
        "Lp.": 304,
        "name": "Towarzystwo Przyjaciół Dzieci-Zarząd Miejski",
        "miasto": "09-400 Płock",
        "street": "Bartnicza",
        "krs": "0000134684",
        "phone": "",
        "op": "",
        "status": "stowarzyszenie",
        "dzial": "",
        "numer": ""
    },
    {
        "Lp.": 305,
        "name": "Towarzystwo Przyjaciół Miejskiego Ogrodu Zoologicznego w Płocku",
        "miasto": "09-402 Płock",
        "street": "Norbertańska",
        "krs": "0000033742",
        "phone": "",
        "op": "",
        "status": "stowarzyszenie",
        "dzial": "",
        "numer": ""
    },
    {
        "Lp.": 306,
        "name": "Towarzystwo Techniczne w Płocku",
        "miasto": "09-410 Nowe Gulczewo",
        "street": "Przesmyk 25",
        "krs": 21,
        "phone": "",
        "op": "",
        "status": "stowarzyszenie",
        "dzial": "",
        "numer": ""
    },
    {
        "Lp.": 307,
        "name": "Towarzystwo Wychowanków, Wychowawców i Przyjaciół Gimnazjum i Liceum im. Marsz. St. Małachowskiego",
        "miasto": "09-400 Płock",
        "street": "Małachowskiego",
        "krs": "0000189344",
        "phone": "",
        "op": "",
        "status": "stowarzyszenie",
        "dzial": "",
        "numer": ""
    },
    {
        "Lp.": 308,
        "name": "Towazrystwo Wychowanków, Wychowawców i Przyjaciół Gimnazjum i Liceum im. Marsz. St. Małachowskiego w Płocku",
        "miasto": "09-400 Płock",
        "street": "Małachowskiego 1",
        "krs": "0000189344",
        "phone": "",
        "op": "",
        "status": "stowarzyszenie",
        "dzial": "",
        "numer": ""
    },
    {
        "Lp.": 309,
        "name": "UCZNIOWSKI KLUB SPORTOWY  GEDEON",
        "miasto": "09-402 PŁOCK",
        "street": "ADAMA MICKIEWICZA 23/168",
        "krs": "66/2011",
        "phone": "",
        "op": "",
        "status": "stowarzyszenie",
        "dzial": "",
        "numer": ""
    },
    {
        "Lp.": 310,
        "name": "Uczniowski Klub Sportowy AS",
        "miasto": "09-402 Płock",
        "street": "Kutnowska 22",
        "krs": "70/2019",
        "phone": "",
        "op": "",
        "status": "stowarzyszenie",
        "dzial": "",
        "numer": ""
    },
    {
        "Lp.": 311,
        "name": "UCZNIOWSKI KLUB SPORTOWY LASOTCZAK",
        "miasto": "09-402 PŁOCK",
        "street": "LASOCKIEGO 14",
        "krs": "64/2010",
        "phone": "",
        "op": "",
        "status": "uczniowski klub sportowy",
        "dzial": "",
        "numer": ""
    },
    {
        "Lp.": 312,
        "name": "Uczniowski Klub Sportowy Orientuś",
        "miasto": "92-108 Łódź",
        "street": "Janosika",
        "krs": 70,
        "phone": "",
        "op": "",
        "status": "uczniowski klub sportowy",
        "dzial": "",
        "numer": ""
    },
    {
        "Lp.": 313,
        "name": "UCZNIOWSKI KLUB SPORTOWY VICTORIA PŁOCK",
        "miasto": "09-400 PŁOCK",
        "street": "UL. DĄBRÓWKI 2/42",
        "krs": "41/2002",
        "phone": "",
        "op": "",
        "status": "stowarzyszenie",
        "dzial": "",
        "numer": ""
    },
    {
        "Lp.": 314,
        "name": "Uczniowski Klub Sportowy AIKIDO TORA",
        "miasto": "09-402 Płock",
        "street": "Kutnowska 32/9",
        "krs": "50/2004",
        "phone": "",
        "op": "",
        "status": "stowarzyszenie",
        "dzial": "",
        "numer": ""
    },
    {
        "Lp.": 315,
        "name": "Uczniowski Klub Sportowy Eljot z siedzibą w Płocku",
        "miasto": "09-400 Płock",
        "street": "Rutskich 1/19",
        "krs": "51/2004 Rejestr UKS Urzędu Miasta Płock",
        "phone": "",
        "op": "",
        "status": "stowarzyszenie",
        "dzial": "",
        "numer": ""
    },
    {
        "Lp.": 316,
        "name": "Uczniowski Klub Sportowy Judo Sensei Płock",
        "miasto": "09-400 Płock",
        "street": "Gawareckiego",
        "krs": "60/2007",
        "phone": "",
        "op": "",
        "status": "stowarzyszenie",
        "dzial": "",
        "numer": ""
    },
    {
        "Lp.": 317,
        "name": "Uczniowski Klub Sportowy Sakura Judo Płock",
        "miasto": "09-410 Płock",
        "street": "Armii Krajowej",
        "krs": "68/2012",
        "phone": "",
        "op": "",
        "status": "stowarzyszenie",
        "dzial": "",
        "numer": ""
    },
    {
        "Lp.": 318,
        "name": "Uczniowski Klub Sportowy „Czwórka” przy IV LO im. Bolesława Krzywoustego w Zespole Szkół nr 1 w Płocku",
        "miasto": "09-407 Płock",
        "street": "ul. Faustyna Piaska 5",
        "krs": "48/2004",
        "phone": "",
        "op": "",
        "status": "stowarzyszenie",
        "dzial": "",
        "numer": ""
    },
    {
        "Lp.": 319,
        "name": "Uczniowski Klub Sportowy „SANDA PŁOCK”",
        "miasto": "09-402 Płock",
        "street": "Królewiecka 19",
        "krs": "55/2006",
        "phone": "",
        "op": "",
        "status": "inna",
        "dzial": "",
        "numer": ""
    },
    {
        "Lp.": 320,
        "name": "UKS Fu Hok Kuen",
        "miasto": "09-407 Płock",
        "street": "Gierzyńskiego 21/23",
        "krs": "",
        "phone": "",
        "op": "",
        "status": "stowarzyszenie",
        "dzial": "",
        "numer": ""
    },
    {
        "Lp.": 321,
        "name": "UKS Fu Hok Kuen Płock",
        "miasto": "09-407 Płock",
        "street": "Gierzyńskiego",
        "krs": "47/2004",
        "phone": "",
        "op": "",
        "status": "uczniowski klub sportowy",
        "dzial": "",
        "numer": ""
    },
    {
        "Lp.": 322,
        "name": "UKS GRAD",
        "miasto": "09-400 Płock",
        "street": "Gradowskiego",
        "krs": "65/2011",
        "phone": "",
        "op": "",
        "status": "stowarzyszenie",
        "dzial": "",
        "numer": ""
    },
    {
        "Lp.": 323,
        "name": "Urząd Miasta Płocka",
        "miasto": "09-400 Płock",
        "street": "Stary Rynek 1",
        "krs": "",
        "phone": "",
        "op": "",
        "status": "stowarzyszenie",
        "dzial": "",
        "numer": ""
    },
    {
        "Lp.": 324,
        "name": "WISŁA PŁOCK STOWARZYSZENIE PIŁKI SIATKOWEJ",
        "miasto": "09-410 PŁOCK",
        "street": "WALECZNYCH",
        "krs": "0000621162",
        "phone": "",
        "op": "",
        "status": "stowarzyszenie",
        "dzial": "",
        "numer": ""
    },
    {
        "Lp.": 325,
        "name": "Łódzkie Stowarzyszenie Kultury Fizycznej, Sportu, Rekreacji i Turystyki Peleton",
        "miasto": "90-229 Łódź",
        "street": "Kamińskiego 18",
        "krs": 34,
        "phone": "",
        "op": "",
        "status": "stowarzyszenie",
        "dzial": "",
        "numer": ""
    }
]